Pattern,issue1,output1,issue2,output2,issue3,output3,1_example,2_examples,3_examples,4_examples,5_examples,6_examples,7_examples,8_examples
PS_ONLY,"Question: """""" I noticed my old word2vec files stopped working, so I made some new ones,  using the writeFullModel function. But it seems the only thing it stores are the vectors, not the words? and loadFullModel also can't load the file the fitted model in the memory works fine, it seems saving it is where the problem is. Should I use writeFullModel, or should I save it in a different way? """"""
Answer: ","The sentence """""" But it seems the only thing it stores are the vectors, not the words? """""" uses <pattern>the only thing it VBZ</pattern> to describe the limitation of the method which the user is currently trying.  The answer is YES.","Question: """""" hi, I'm using a CNN similar to this given in the CnnSentenceClassificationExample. The following exception occurs: UnsupportedOperationException: Masked global pooling with on CNN data currently only supports data with h=1 or w=1. Anyone encountered this before? """"""
Answer: ","The sentence """""" Masked global pooling with on CNN data currently only supports data with h=1 or w=1. """""" uses <pattern>sth currently only supports sth</pattern> to describe the limitation of the method which the user is currently trying. The answer is YES.","Question: """""" is it possible to get client private ip in angular, please help. i tried this [link], but it is returning only the public ip. any other way to private ip example :192.168.56.X. """"""
Answer: ","The sentence """""" but it is returning only the public ip. """""" uses <pattern>it is VBG only sth</pattern> to describe the limitation of the method which the user is currently trying. The answer is YES.",0,0,0,0,1,0,1,1
PS_STUCK,"Question: """""" Hello Angular devs, I am stuck with one issue where I have three sections each section has one link which will open the slider with data.. I have another section which has a button and the button click subscribes to the behaviorsubject to trigger the link click event. When I click the button it is subscribing for three times..how to avoid subscribing multiple times? """"""
Answer: ","The sentence """""" I am stuck with one issue where I have three sections each section has one link which will open the slider with data """""" uses <pattern>be stuck with sth</pattern> to describe the problem which the user is currently encountering. The answer is YES.","Question: """""" Um... maybe this is a stupid problem but really confuse me. With the progress of regression training, the error becomes bigger and bigger. Did the ""identity"" activation have some special requirements about input? For example, between -1 and 1? thanks first, I will try it hope it can solve the problem The train result is always converge to the mean of  train set output when using ""identity"". It seems the model is just a line. What\'s wrong? I just want to fit a curve. So maybe i stuck into a local minimum value... I am sorry about my words. """"""
Answer: ","The sentence """""" So maybe i stuck into a local minimum value """""" uses <pattern>stuck into sth</pattern> to describe the problem which the user is currently encountering. The answer is YES.","Question: """""" The ethereum wallet isn't finishing downloading.. Does anyone have this problem also? Stuck at Downloading block 892,148 of 4,637,826,Downloading chain structure 3,297,848 of 3,325,840. Any advice? Maybe I do need to put my laptop under the crane? XD Okay the running water was the fix. THANKS! """"""
Answer: ","The sentence """""" Stuck at Downloading block 892,148 of 4,637,826,Downloading chain structure 3,297,848 of 3,325,840 """""" uses <pattern>stuck at VBG</pattern> to describe the problem which the user is currently encountering. The answer is YES.",0,0,1,0,0,0,1,1
PS_ERROR_NOUN_PHRASE,"Question: """""" Hi, I'm trying to get angular 11 working with webpack 5 so I can play around with module federation for micro-frontends. When I try to convert my main app over, I get an error when localhost tries to load the page from the main.ts file. Any ideas why it can't find this? It's in node modules ``` Uncaught Error: Cannot find module '@angular/platform-browser' at webpackMissingModule (main.js:11) ``` """"""
Answer: ","The sentence """""" Uncaught Error: Cannot find module '@angular/platform-browser' at webpackMissingModule """""" uses <pattern>Uncaught Error: [error message]</pattern> to describe the error which the user is currently encountering. The answer is YES.","Question: """""" Hi all Does anyone use truffle? I use truffle to test and deploy a contract, but it seems there is some unknow problems. my code is simplepragma solidity ^0.4.2; contract VictimToken { [<-CODE->] } web3.eth.sendTransaction({to:VictimToken.address, value:1})when I invoke this command, it always show me error message Error: VM Exception while processing transaction: revert. Any reply is appreciated phalexo: Are u sure? my compile and migrate stages are okay """"""
Answer: ","The sentence """""" it always show me error message Error: VM Exception while processing transaction: revert. """""" uses <pattern>error message Error: [error message]</pattern> to describe the error which the user is currently encountering. The answer is YES.","Question: """""" HI All, build prod on the latest beta of v12 produces this cryptic error message: ``` index. html generation failed undefined:6:6 property missing ':' ``` did you try to upgrade typescript first? """"""
Answer: ","The sentence """""" build prod on the latest beta of v12 produces this cryptic error message: ``` index. html generation failed undefined:6:6 property missing ':' ``` """""" uses <pattern>error message: ```[error message]```</pattern> to describe the error which the user is currently encountering. The answer is YES.",0,0,0,1,0,0,1,1
PS_ERROR_OCCUR,"Question: """""" I'm trying to use and understand angualr-cli but the AoT compiler ngc.  I created a new project with ng-cli and then tried to compile it with ngc and got a lot of errors.  The errors were on angular source itself """"""
Answer: ","The sentence """""" The errors were on angular source itself """""" uses <pattern>errors were on sth</pattern> to describe where the error occurs. The answer is YES.","Question: """""" does anyone know how to get `window.onerror` or `window.addEventListener('error', event => {})` working with angular? I add either and when an error occurs, nothing happens :( [code]. I also have an `ErrorHandler` set up, and that is working for any errors inside Angular land, but I figure the above should also work - and globally. (the problem is that I have an error that is occurring outside angular land, and is not being handled by the angular ErrorHandler) """"""
Answer: ","The sentence """""" the problem is that I have an error that is occurring outside angular land """""" uses <pattern>error that is occurring outside sth</pattern> to describe where the error occurs. The answer is YES.","Question: """""" can anyone think of a reason why copying an entire module from one app to another might cause compilation errors in that module?  As far as I can tell, the package.jsons are identical in terms of angular dependencies.  The error is occurring in a template and is error TS2322: Type 'any' is not assignable to type 'never' """"""
Answer: ","The sentence """""" The error is occurring in a template and is error TS2322 """""" uses <pattern>error is occurring in sth</pattern> to describe where the error occurs. The answer is YES.",0,0,0,0,1,0,0,1
PS_VERB_TO_BE_NEGATIVE,"Question: """""" How can I change a property of a component in a subscribed event and get it recognized in a *ngIf=""property"" in the template? The event is fired and property is changed but there is no change in frontend. """"""
Answer: ","The sentence """""" The event is fired and property is changed but there is no change in frontend. """""" uses <pattern>there is no NN in</pattern> to describe the problem which the user is currently encountering. The answer is YES.","Question: """""" Hello guys, How can I represent a type, that is not assignable to another type? Like T extends U, but in reverse way I know there is no ""T not extends U"" so how can I do that. And I can't use the false branch of the conditional types in my context """"""
Answer:","The sentence """""" but in reverse way I know there is no ""T not extends U"" so how can I do that """""" uses <pattern>there is no sth</pattern> to describe the problem which the user is currently encountering. The answer is YES.","Question: """""" guys, I'm desperately looking for a way to me to put my game project on TypeScript but I can't do so before solve one issue. Since in my game I'm using a components system, I need to have classes generated from few component classes  and here comes a problem. There are no multi inheritance in ts I can't use decorators for that because ts will know nothing about components types. I was thinking about something like I can't use mixins. Because following this [link], I should put tedails of each component in each entity which is not a way to go because each time I change something in component, I should change it in each entities where it is applied. so what is my ways to solve this? """"""
Answer:","The sentence """""" There are no multi inheritance in ts I can't use decorators for that because ts will know nothing about components types. """""" uses <pattern>there are no sth</pattern> to describe the problem which the user is currently encountering. The answer is YES.",1,0,0,0,0,1,0,1
PS_WITH_NO,"Question: """""" so far, the examples related to sequences deal with texts of natural languages (with known delimiters), whereas there are other kind of sequences like DNA sequences, protein sequences with no delimiters. Can you please recommend me the closest example to my issue, to start from. """"""
Answer: ","The sentence """""" protein sequences with no delimiters """""" uses <pattern>with no NNS</pattern> to indicate that there is something wrong with protein sequences. The answer is YES.","Question: """""" I have been trying to download the block chain for 10 days. computer has been on for then days with no sucess. this is riduclous. i have send ethereum to a account connected to this mist. it still says that i have 0 ether.........im quessing because the chain is not downloaded......... this is a on going issue. it is sad because this is the main platform. i have not experienced any other issues with second party applications. if anybody has any advice for me please shar share """"""
Answer: ","The sentence """""" computer has been on for then days with no sucess. """""" uses <pattern>with no success</pattern> to indicate that there is something wrong with computer. The answer is YES.","Question: """""" HI, I have files with HTML content in the file system. (ex: foo.html, bar.html). I can load these files from the NodeJS server to Angular and embed using an iFrame or to a div using innerHTML attrib with only using the HTML body content. NOTE: These HTML contents are also having references for images (JPEG, SVG, etc.)  Also, I have JSON files with table data that need to embed in this HTML content as an HTML table with functionalities like filtering, sorting, etc., making a complete HTML page and dynamically load in the FE.  What are the things that I should do and do not in this kind of case and best practices, guidance that I should follow and apply?   It would be great to have ideas from the community before the implementation of the use case.  Thank you very much. """"""
Answer:","The sentence """""" I can load these files from the NodeJS server to Angular and embed using an iFrame or to a div using innerHTML attrib with only using the HTML body content. """""" uses <pattern>with only VBG</pattern> to indicate that there is something wrong with the embed function. The answer is YES.",0,0,0,0,0,0,0,1
PS_PROBLEM,"Question: """""" Im having trouble trying to update some data using and api called ""crud:crud"", I can ""get"" and ""post"" fine but ""put"" is giving me this error. How could I fix that? """"""
Answer: ","The sentence """""" Im having trouble trying to update some data using and api called ""crud:crud"" """""" uses <pattern>having trouble VBG</pattern> to describe the problem which the user is currently encountering. The answer is YES.","Question: """""" Hi! I am seeing some issues with DataVec and the stringToTimeTransform behaviour.  For example,  I tried to output the milliseconds timestamps as produced by the transform on the Basic DataVec Example data (I modified the csv to have entries where month is not only January(i.e. 01). """"""
Answer: ","The sentence """""" I am seeing some issues with DataVec and the stringToTimeTransform behaviour. """""" uses <pattern>seeing some issues with sth</pattern> to describe the problem which the user is currently encountering. The answer is YES.","Question: """""" Trying to come up with a generic pattern validation directive since none is built in, but running into an issue of only getting the string name of the variable passed to the directive instead of the variable itself... any ideas? """"""
Answer:","The sentence """""" but running into an issue of only getting the string name of the variable passed to the directive instead of the variable itself """""" uses <pattern>running into an issue of VBG</pattern> to describe the problem which the user is currently encountering. The answer is YES.",0,0,0,0,0,0,1,1
PS_STRUGGLING,"Question: """""" I'm struggling with Nd4j.sortWithIndices(lookup_table.getSyn0().norm2(0), 0, false);. The indices are all 0. I'm trying to get the index for the glossary I think I found a way. I iterate over the glossary, useindexOf(String word) to get the indices of my words, then usegetWordVector(String word) for the vectors for my words. I then build a map from these two. """"""
Answer: ","The sentence """""" I'm struggling with Nd4j.sortWithIndices(lookup_table.getSyn0().norm2(0), 0, false) """""" uses <pattern>struggling with sth</pattern> to describe the problem which the user is currently encountering. The answer is YES.","Question: """""" hello I am using Nodejs with VS2017 and struggling to get my gulp, mocha testing bits working together properly it seems gulp has landed in my C:\\Users.\\AppData\\Roaming\\npm\\node_modules directory. I'd rather like it to land in my project folder. however for now I ran npm link gulp and this has connected the bits to my AppData directory. not my preference, I'd like it to locate the project assets. """"""
Answer: ","The sentence """""" hello I am using Nodejs with VS2017 and struggling to get my gulp """""" uses <pattern>struggling to VB</pattern> to describe the problem which the user is currently encountering. The answer is YES.","Question: """""" Hey guys, I'm really struggling to understand the best way to build docker containers in CI while running db integration tests against it my idea was to try: npm run test as part of the Dockerfile build process - however, I ran into this issue: [<-LINK->] Where I cannot connect to the host's mysql service from my docker build Are there resources where I can learn about this stuff? """"""
Answer:","The sentence """""" I'm really struggling to understand the best way to build docker containers in CI while running db integration tests against it my idea was to try """""" uses <pattern>struggling to VB</pattern> to describe the problem which the user is currently encountering. The answer is YES.",0,1,0,0,0,0,0,1
PS_NEG_VERB,"Question: """""" Hey guys, any ideas on why a test executes perfectly on a real android device, but .waitForElementById and .elementById will fail every time when I run the same exact test on SauceLabs (Android Emulator)? I'm using node bindings and the latest versions of everything. ""Error response status: 7, , NoSuchElement - An element could not be located on the page using the given search parameters"" """"""
Answer: ","The sentence """""" but .waitForElementById and .elementById will fail every time when I run the same exact test on SauceLabs (Android Emulator)? """""" uses <pattern>sth will fail every time</pattern> to describe the problem which the user is currently encountering. The answer is YES.","Question: """""" has anyone had success with dockerized jenkins running docker within? I've volume moutned docker, and from within the container i am able to fully do anything i want with docker, but jenkins is complaining access denied (i'm testing with jenkins user of course).... this was working earlier today just fine, i just restarted all the services due to a non-related service change. now all of a sudden it's access denied non-stop from the jenkins ui (again, inside the container works fine) """"""
Answer: ","The sentence """""" but jenkins is complaining access denied """""" uses <pattern>sth is complaining [anomaly]</pattern> to describe the problem which the user is currently encountering. The answer is YES.","Question: """""" Hi. I have a container element with overflow: auto. On a mobile device, I can only scroll when I touch an area in the container that is not filled by a child component. It seems like the child components are blocking the touch scroll event. How can I fix this? """"""
Answer: ","The sentence """""" It seems like the child components are blocking the touch scroll event. """""" uses <pattern>sth are blocking sth</pattern> to describe the problem which the user is currently encountering. The answer is YES.",0,0,0,0,0,0,1,0
PS_PROBLEM_IS,"Question: """""" Anyone knows a good solution to use php-cli and keep the container running it alive? I'm trying to run a micro service (Lumen) by only using php-cli. But the problem is that my container exits by itself Probably because php-cli is not running a daemon """"""
Answer: ","The sentence """""" But the problem is that my container exits by itself Probably because php-cli is not running a daemon """""" uses <pattern>the problem is that</pattern> to describe the problem which the user is currently encountering. The answer is YES.","Question: """""" Hi, I am training a word2vec model on a preprocessed wiki corpus using popular frameworks like tensorflow, gensim, originalc and dl4j. The issue is that dl4j's vocab size doesn't seem to be matching other framework's vocab size (456,940words for all other frameworks while it is454,022for dl4j formin_count=30). These vocab sizes are consistent across multiple runs on various cloud instances. What could be causing this? Weirdly, dl4j's vocab size matches other frameworks when trained on wiki corpus.Link to [<-LINK->] . """"""
Answer:","The sentence """""" The issue is that dl4j's vocab size doesn't seem to be matching other framework's vocab size """""" uses <pattern>the issue is that</pattern> to describe the problem which the user is currently encountering. The answer is YES.","Question: """""" hey guys i've got a form in a modal popup, and i wan make a post request to my server the request goes successfully with a 200 status response but my issue is that my data doesn't get sent to the server above is my code snippet. can anyone help-out """"""
Answer:","The sentence """""" but my issue is that my data doesn't get sent to the server above is my code snippet """""" uses <pattern>my issue is that</pattern> to describe the problem which the user is currently encountering. The answer is YES.",0,0,0,1,0,0,1,0
PS_NOT_IN,"Question: """""" Working on setting up our data store to use ngRx entity but having an issue because of the way the data needs to be set up for use...currently am getting data back in this format: [{id: 1, amount: 5}, {id: 2, amount: 7}] but for ngRx entity it appears to need the data in the following format: [ 0: {id: 1, amount: 5}, 1: {id: 2, amount: 7}] .  Since changing every stored procedure/ controller on the backend is not in the cards to enable this change, is there a way to map this properly on the front end when the data comes back before it tries to use it via ngRx entity? """"""
Answer: ","The sentence """""" Since changing every stored procedure/ controller on the backend is not in the cards to enable this change """""" uses <pattern>is not in sth</pattern> to describe the problem which the user is currently encountering. The answer is YES.","Question: """""" I am moving from Java and .Net on the backend too looking at Node with an Angular 2 front end. Since I am planning on using the Angular CLI, Webpack package. Has anyone integrated this template with the server side, connect to a database and provide a descent example? instead of having the ngFor on its own element, have you placed it as a attribute on the other elements? So it is not in the resulting DOM structure which interferes with the CSS """"""
Answer: ","The sentence """""" So it is not in the resulting DOM structure which interferes with the CSS """""" uses <pattern>is not in sth</pattern> to describe the problem which the user is currently encountering. The answer is YES.","Question: """""" How to use Canova? On the website, it says ""Download our latest release at: [Coming Soon]"" I got problem building ND4J  [<-LINK->] AlexDBlack: I have installed both VisualStudio 2010 and 2012 on my win7, and tried to repair 2012, but cl.exe is not in the system path. Just here, [<-LINK->] Installation note chrisvnicholson: can you solve my ND4J build problem? """"""
Answer: ","The sentence """""" but cl.exe is not in the system path. """""" uses <pattern>is not in sth</pattern> to describe the problem which the user is currently encountering. The answer is YES.",0,0,0,0,0,1,1,0
PS_NO_NOUN,"Question: """""" Oooph. So I narrowed down my previous Firebase issue to the smallest scope I can... and I'm at a loss. Is there something special about 'some' event listener callbacks that prevents Angular/ReactiveX from seeing changes that are initiated within them? Even though I have a behaviorSubject calling next(updatedData), no update will occur until a heartbeat 'window.setInterval' ticks over. Even if there is literally no code within the interval's callback.  (  ) """"""
Answer: ","The sentence """""" no update will occur until a heartbeat 'window.setInterval' ticks over """""" uses <pattern>no NN will VB</pattern> to describe the problem which the user is currently encountering. The answer is YES.","Question: """""" Hi all, I have a question regarding @Outputs and EventEmitters. Would it be future-safe to use Observables as @Outputs rather than EventEmitters or is it still recommended to use only EventEmitters? I believe the EventEmitter was created to allow later changes to the API that deviated from Subject, but afaia nothing has really happened on that front. """"""
Answer: ","The sentence """""" but afaia nothing has really happened on that front. """""" uses <pattern>notthing has really VBN</pattern> to describe the problem which the user is currently encountering. The answer is YES.","Question: """""" hey guys, is it possible to wrap around the angular material button ? normally its like <button mat-button> Some Text </button> but i want an own component extending it, like <app-button> Some Text </app-button>. I created an component which extends MatButton and added the angular mat-button template to it. but it's not working cause it has no button element because it is app-button... """"""
Answer: ","The sentence """""" but it's not working cause it has no button element because it is app-button """""" uses <pattern>has no NN</pattern> to describe the problem which the user is currently encountering. The answer is YES.",0,0,0,0,1,1,0,0
PS_NEG_AUX_ADV_ADJ,"Question: """""" roychri: , can you help me out with sessions. How can I add a variable into session variable which will be available during whole session. Seems like my session variable is getting refreshed when I access any link. Here is my app.js [<-LINK->] roychri: , it's here [<-LINK->] line 23 roychri: , the data variable that added, is not available in other routes. roychri: ok. Let me have a look again Thanks """"""
Answer: ","The sentence """""" the data variable that added, is not available in other routes. """""" uses <pattern>not available in sth</pattern> to describe the problem which the user is currently encountering. The answer is YES.","Question: """""" Hello guys, How can I represent a type, that is not assignable to another type? Like T extends U, but in reverse way I know there is no ""T not extends U"" so how can I do that And I can't use the false branch of the conditional types in my context """"""
Answer: ","The sentence """""" that is not assignable to another type """""" uses <pattern>not assignable to sth</pattern> to describe the problem which the user is currently encountering. The answer is YES.","Question: """""" Hi All,  i have a trained LSTM serving in production. while doing prediction continously using ""model.output(input)"" suddenly massive amounts of threads are getting created ending up in restarting the server. I am not able to trace the reason. Please enlight me on this Thread counts are suddenly spiking from 100's to 1000's for very few seconds """"""
Answer: ","The sentence """""" I am not able to trace the reason. """""" uses <pattern>not able to VB</pattern> to describe the problem which the user is currently encountering. The answer is YES.",0,0,0,0,0,1,0,0
PS_SEEMS_TO_NEG_VERB,"Question: """""" I'm trying to type-guard on a discriminant property with Array.prototype.includes but that doesn't seem to work (2.8.1), didn't find anything searching through the issue tracker. Here is a gist of the principle [<-LINK->] """"""
Answer: ","The sentence """""" I'm trying to type-guard on a discriminant property with Array.prototype.includes but that doesn't seem to work (2.8.1) """""" uses <pattern>doesn't seem to VB</pattern> to describe the problem which the user is currently encountering. The answer is YES.","Question: """""" can someone help me with a higher order component? I can't seem to pass my props down. It seems like setState property is missing thanks! [<-CODE->] and then I would use it with a Dashboard component [<-CODE->] I added some <any>s cause I was unsure of myself, but it was more strongly typed before I went down the rabbit hole Additionally, I had tried [<-CODE->] """"""
Answer: ","The sentence """""" I can't seem to pass my props down. """""" uses <pattern>can't seem to VB</pattern> to describe the problem which the user is currently encountering. The answer is YES.","Question: """""" I'm in the middle of figuring out my own macro system lol  [<-LINK->]. it works so well for expanding macros and giving me info about each expansion. But my brain can't seem to process how to use the info to trace text ranges through the expansion. Recursion is probably fucking with my brain. There's one more layer of expansion I have to map out. I'm so immature  [<-LINK->] I giggled at that line of code  [<-LINK->] """"""
Answer: ","The sentence """""" But my brain can't seem to process how to use the info to trace text ranges through the expansion. """""" uses <pattern>can't seem to VB</pattern> to describe the problem which the user is currently encountering. The answer is YES.",0,0,0,1,0,1,0,0
PS_NEG_ADV_ADJ,"Question: """""" Anyone good with git? I'm getting some weird behavior and I can't quite make sense of it. when I do git rebase -i HEAD~3, it shows the commits in this order:  ``` commit 1 commit 2 commit 3 ```. I would expect it to be: ``` commit 3 commit 2 commit 1 ``` """"""
Answer: ","The sentence """""" I'm getting some weird behavior and I can't quite make sense of it. """""" uses an undesired adjective <pattern>weird</pattern> to indicate that the user is getting something wrong. The answer is YES.","Question: """""" I am unable to align column using jspdf. Will you please guide what should I modify in this code?  """"""
Answer: ","The sentence """""" I am unable to align column using jspdf. """""" uses <pattern>be unable to VB</pattern> to indicate that the user is getting something wrong. The answer is YES.","Question: """""" Could anyone help me explain why the following code seems correct, though to me it seems like it's not? [<-CODE->] returning a string here compiles and runs though I tell it that it should be a void method SalathielGenese: that's exactly my point, the code is wrong but it doesn't give me an error to me it seems like a bug  """"""
Answer: ","The sentence """""" the code is wrong but it doesn't give me an error to me it seems like a bug """""" uses an undesired adjective <pattern>wrong</pattern> to indicate that there is something wrong with the code. The answer is YES.",0,0,0,1,0,1,0,0
PS_VERB_ERROR,"Question: """""" Hi, i new here and i'm workin in some app with angular when execute the application show me this error  ""You provided an invalid object where a stream was expected"". You can provide an Observable, Promise, Array, or Iterable. any ideas ? """"""
Answer: ","The sentence """""" i new here and i'm workin in some app with angular when execute the application show me this error """""" uses <pattern>VB PRP this error</pattern> to show the error which the user is currently encountering. The answer is YES.","Question: """""" hey guys sorry for raising question here but if somebody can help me out. I am trying to read a json file and checking whether a key is present or not if key present the its value will be returned.  But i am getting error ""cannot read property 'data' of undefined . my json file """"""
Answer: ","The sentence """""" But i am getting error """""" uses <pattern>VBG error</pattern> to show the error which the user is currently encountering. The answer is YES.","Question: """""" I've downloaded the BLAS libraries and I've set the path according to: [<-LINK->]. but when I run the DL4j examples I got the warning that BLAS is not installed.  How can I activate BLAS ? if you train the network for a specific problem the DL4J will save the net parameters to work with them later ? """"""
Answer: ","The sentence """""" but when I run the DL4j examples I got the warning that BLAS is not installed. """""" uses <pattern>VBP the warning that</pattern> to show the error which the user is currently encountering. The answer is YES.",0,0,0,0,1,0,0,0
PS_NEG_AUX_VERB,"Question: """""" The ethereum wallet isn't finishing downloading.. Does anyone have this problem also? Stuck at Downloading block 892,148 of 4,637,826,Downloading chain structure 3,297,848 of 3,325,840 Any advice? Maybe I do need to put my laptop under the crane? XD Okay the running water was the fix. THANKS! """"""
Answer: ","The sentence """""" The ethereum wallet isn't finishing downloading. """""" uses <pattern>sth isn't finishing VBG</pattern> to describe the problem which the user is currently encountering. The answer is YES.","Question: """""" Hi, I think there might be a problem in MovingWindowDataSetFetcher. It calls MovingWindowMatrix.windows with flattened and addRotate both set to true. However, I think this causes a problem since a flattened matrix can't be rotated because it fails the isMatrix test. Am i mistaken? """"""
Answer: ","The sentence """""" I think this causes a problem since a flattened matrix can't be rotated because it fails the isMatrix test. """""" uses <pattern>sth can't be VBN</pattern> to describe the problem which the user is currently encountering. The answer is YES.","Question: """""" hello, i have a problem with named router-outlet, i need to add dialogs in a named router-outlet, but as i heard from github/angular, i can't use lazy loaded modules with auxiliary routes. Is there a way to do that now? """"""
Answer: ","The sentence """""" i can't use lazy loaded modules with auxiliary routes. """""" uses <pattern>i can't VB</pattern> to describe the problem which the user is currently encountering. The answer is YES.",0,0,0,0,1,0,0,0
PS_VERB_NO,"Question: """""" any ideas on how i may be able to find the circular dependency? i tried adding the `--verbose` flag to the ng build command but that didn't really help tried using this tool [link], but it reports no circular dependencies. i've also looked through the code and nothing really stands out """"""
Answer: ","The sentence """"""  but it reports no circular dependencies. """""" uses <pattern>reports no JJ NNS</pattern> to describe the problem which the user is currently encountering. The answer is YES.","Question: """""" Hey, just wondering who I should contact for problems with BTC to ETH transactions in my Ethereum wallet? Basically, I ordered 0.1 Ethereum via Bitcoin in my Ethereum wallet (0.8.9) yesterday. Although the bitcoin transaction was confirmed several hours ago (and currently stands with 36 confirmations), I'm still seeing 0 Ethers in my account. Crab29: Hey, do you have any idea what's happening? """"""
Answer: ","The sentence """"""  I'm still seeing 0 Ethers in my account. """""" uses <pattern>seeing 0 NNS</pattern> to describe the problem which the user is currently encountering. The answer is YES.","Question: """""" hey - can i get some n00b help. I have the following message ""[ts] Cannot invoke an expression whose type lacks a call signature. Type 'Action<any, any>' has no compatible call signatures."" but cant wrap my head around whats going on """"""
Answer: ","The sentence """"""  Type 'Action<any, any>' has no compatible call signatures """""" uses <pattern>has no JJ NN</pattern> to describe the problem which the user is currently encountering. The answer is YES.",0,0,1,0,0,0,0,0
PS_END_UP,"Question: """""" Hi All,  i have a trained LSTM serving in production. while doing prediction continously using ""model.output(input)"" suddenly massive amounts of threads are getting created ending up in restarting the server. I am not able to trace the reason. Please enlight me on this Thread counts are suddenly spiking from 100's to 1000's for very few seconds """"""
Answer: ","The sentence """""" suddenly massive amounts of threads are getting created ending up in restarting the server """""" uses <pattern>ending up in VBG</pattern> to describe the problem which the user is currently encountering. The answer is YES.","Question: """""" Is there a way to find out what modules aren't used in an ngModule to do some clean up ? I@msonawanecheck rxdb I only played with it but it seemed cool [<-LINK->] Yeah well, it\'s that or something that is less ""reactive"" PouchDB, but then you might end up with something like rxdb. And how did you find dexie ? Did it work well with angular ? In my case I neede """"""
Answer: ","The sentence """""" but then you might end up with something like rxdb. """""" uses <pattern>end up with something</pattern> to describe the problem which the user is currently encountering. The answer is YES.","Question: """""" hello - have you ever noticed that propagation of the BehaviourSubject works faster than pushing a new value through Input? - here's an example:  (the console). I had a use case similar to this and ended up with passing a value through another BehaviorSubject to the child instead of passing it through Input """"""
Answer: ","The sentence """""" I had a use case similar to this and ended up with passing a value through another BehaviorSubject to the child instead of passing it through Input """""" uses <pattern>ended up with VBG</pattern> to describe the problem which the user is currently encountering. The answer is YES.",0,0,1,0,0,0,0,0
PS_BUT_RB,"Question: """""" i have now made a new project, in which I've added the mentioned dependency together with a property declartion for the version number and then downloaded nd4s via maven, but it still gives me the same error message for the same code. How do you mean run nd4s? """"""
Answer: ","The sentence """""" but it still gives me the same error message for the same code. """""" uses <pattern>but it still VBZ</pattern> to describe the problem which the user is currently encountering. The answer is YES.","Question: """""" guys, i have some problem. i build example with facebook login on my website, but i always get error has been block by cors.  i using seperate folder 1. client folder & 2. server folder.  i testing  on my server with running node.js on localhost:3000 and live-server for client on 127.0.0.1:8080. on server i using passport-facebook and i already instal cors(). i already test on postman to facebook login on localhost:3000. but i can't get using on client folder where my folder index.html.  on index.html i using vuejs and axios for Promise based HTTP client for the browser and node.js """"""
Answer: ","The sentence """""" but i always get error has been block by cors. """""" uses <pattern>but i always VBP</pattern> to describe the problem which the user is currently encountering. The answer is YES.","Question: """""" Hello! I am having an issue in production (Apache server) Namely, my login form reopens, and ""?"" gets appended to the URL... I managed to get rid of the ""?"" mark by putting some dreictives in .htaccess, but still i can see ""?"" is being added when looked in console. What is going on here? """"""
Answer: ","The sentence """""" but still i can see ""?"" is being added when looked in console. """""" uses <pattern>but still i can VB</pattern> to describe the problem which the user is currently encountering. The answer is YES.",0,1,0,0,0,0,0,0
