Pattern,issue,output,2_examples,4_examples,6_examples,8_examples,10_examples
PS_ONLY,""""""" I noticed my old word2vec files stopped working, so I made some new ones,  using the writeFullModel function. But it seems the only thing it stores are the vectors, not the words? and loadFullModel also can't load the file the fitted model in the memory works fine, it seems saving it is where the problem is. Should I use writeFullModel, or should I save it in a different way? """"""","The sentence """""" But it seems the only thing it stores are the vectors, not the words? """""" uses <pattern>the only thing it VBZ</pattern> to describe the limitation of ""writeFullModel function"".  The answer is YES.",1,0,0,0,1
PS_PROBLEM,""""""" Im having trouble trying to update some data using and api called ""crud:crud"", I can ""get"" and ""post"" fine but ""put"" is giving me this error. How could I fix that? """"""","The sentence """""" Im having trouble trying to update some data using and api called ""crud:crud"" """""" uses <pattern>having trouble VBG</pattern> to indicate that there is something wrong when ""trying to update some data"". The answer is YES.",0,0,0,1,1
PS_NEG_VERB,""""""" Hey guys, any ideas on why a test executes perfectly on a real android device, but .waitForElementById and .elementById will fail every time when I run the same exact test on SauceLabs (Android Emulator)? I'm using node bindings and the latest versions of everything. ""Error response status: 7, , NoSuchElement - An element could not be located on the page using the given search parameters"" """"""","The sentence """""" but .waitForElementById and .elementById will fail every time when I run the same exact test on SauceLabs (Android Emulator)? """""" uses <pattern>sth will fail every time</pattern> to indicate that there is something wrong with "".waitForElementById and .elementById"". The answer is YES.",0,0,1,0,1
PS_PROBLEM_IS,""""""" Anyone knows a good solution to use php-cli and keep the container running it alive? I'm trying to run a micro service (Lumen) by only using php-cli. But the problem is that my container exits by itself Probably because php-cli is not running a daemon """"""","The sentence """""" But the problem is that my container exits by itself Probably because php-cli is not running a daemon """""" uses <pattern>the problem is that</pattern> to indicate that ""container exits by itself"" is an undesired behavior. The answer is YES.",0,0,0,1,0
PS_NEG_AUX_ADV_ADJ,""""""" roychri: , can you help me out with sessions. How can I add a variable into session variable which will be available during whole session. Seems like my session variable is getting refreshed when I access any link. Here is my app.js [<-LINK->] roychri: , it's here [<-LINK->] line 23 roychri: , the data variable that added, is not available in other routes. roychri: ok. Let me have a look again Thanks """"""","The sentence """""" the data variable that added, is not available in other routes. """""" uses <pattern>not available in sth</pattern> to indicate that there is something wrong with ""data variable"". The answer is YES.",0,0,1,0,0
PS_SEEMS_TO_NEG_VERB,""""""" I'm trying to type-guard on a discriminant property with Array.prototype.includes but that doesn't seem to work (2.8.1), didn't find anything searching through the issue tracker. Here is a gist of the principle [<-LINK->] """"""","The sentence """""" I'm trying to type-guard on a discriminant property with Array.prototype.includes but that doesn't seem to work (2.8.1) """""" uses <pattern>doesn't seem to VB</pattern> to indicate that there is something wrong when ""trying to type-guard"". The answer is YES.",0,1,0,1,0
PS_NEG_ADV_ADJ,""""""" Anyone good with git? I'm getting some weird behavior and I can't quite make sense of it. when I do git rebase -i HEAD~3, it shows the commits in this order:  ``` commit 1 commit 2 commit 3 ```. I would expect it to be: ``` commit 3 commit 2 commit 1 ``` """"""","The sentence """""" I'm getting some weird behavior and I can't quite make sense of it. """""" uses an undesired adjective <pattern>weird</pattern> to indicate that the user is getting something wrong. The answer is YES.",0,0,0,1,0
PS_VERB_ERROR,""""""" Hi, i new here and i'm workin in some app with angular when execute the application show me this error  ""You provided an invalid object where a stream was expected"". You can provide an Observable, Promise, Array, or Iterable. any ideas ? """"""","The sentence """""" i new here and i'm workin in some app with angular when execute the application show me this error """""" uses <pattern>VB PRP this error</pattern> to show the error which the user is currently encountering. The answer is YES.",0,0,0,0,1
PS_NEG_AUX_VERB,""""""" The ethereum wallet isn't finishing downloading.. Does anyone have this problem also? Stuck at Downloading block 892,148 of 4,637,826,Downloading chain structure 3,297,848 of 3,325,840 Any advice? Maybe I do need to put my laptop under the crane? XD Okay the running water was the fix. THANKS! """"""","The sentence """""" The ethereum wallet isn't finishing downloading. """""" uses <pattern>sth isn't finishing VBG</pattern> to indicate that there is something wrong with ""ethereum wallet"". The answer is YES.",0,0,0,0,1
PS_VERB_NO,""""""" any ideas on how i may be able to find the circular dependency? i tried adding the `--verbose` flag to the ng build command but that didn't really help tried using this tool [link], but it reports no circular dependencies. i've also looked through the code and nothing really stands out """"""","The sentence """""" tried using this tool [link], but it reports no circular dependencies """""" uses <pattern>reports no JJ NNS</pattern> to indicate that there is something wrong with ""this tool"". The answer is YES.",0,1,1,0,0
PS_ONLY,""""""" Does anyone know of a way to determine if a type could also refer to a value?  That is, if the type is of a Class, then do one conditional type branch, and if it is only an Interface or primitive then it will use the other branch. """"""","The sentence """""" and if it is only an Interface or primitive then it will use the other branch """""" uses <pattern>if it is only</pattern> to describe one condition of the example instead of describing the problem, so the answer is NO.",1,0,0,0,1
PS_PROBLEM,""""""" Question about Observables: If I have Observable A, and things are subscribed to it, is there a way to take Observable B and merge it into A so that all of As subscriptions are notified of the elements in B? """"""","The sentence """""" Question about Observables: """""" uses <pattern>question about sth</pattern> but after the semi-colon, it is only an example to describe the user's expectation instead of describing the problem, so the answer is NO.",0,0,0,1,1
PS_NEG_VERB,""""""" Are there performance gains to be had by breaking up a medium size component template into many smaller components w/ inputs for their relevant pieces of data? I understand the organizational benefits of having small, laser-focused components, I'm just on the fence about how granular I should be getting. """"""","The sentence """""" Are there performance gains to be had by breaking up a medium size component template into many smaller components w/ inputs for their relevant pieces of data? """""" uses an undesired verb phrase <pattern>breaking up sth</pattern> but ""breaking up a medium size component"" is the intention of the user, not the problem which the user is currently encountering, so the answer is NO.",0,0,1,0,1
PS_PROBLEM_IS,""""""" Hi guys. How can I use Docker with Angular CLI? I want to be able to build my app and push it to a production docker container that is serving nginx as well. So the problem is, I want to build a dist folder in the docker container, and during development I would be able to watch the folder and serve the webapp. Anyone could provide some guidance on how I could do this? """"""","The sentence """""" So the problem is """""" uses <pattern>the problem is</pattern> but the following contents are the user's expectation instead of describing the problem, so the answer is NO.",0,0,0,1,0
PS_NEG_AUX_ADV_ADJ,""""""" I'm buying bitcoin from someone via Localbitcoin, my aim is like@Swinks95, I want to leave the ether I get in for a while, maybe a  couple of years/months, not sure yet. I was going to change the bitcoin I buy to ether via shapeshift.io. do you know if that  site is reliable? I have solarpanels on my roof!! Haha maybe I'll wait till some point in the future if  it's not so rewarding """"""","The sentence """""" maybe a  couple of years/months, not sure yet """""" uses <pattern>not sure</pattern> but it has nothing to do with describing the problem which the user is currently encountering, so the answer is NO.",0,0,1,0,0
PS_SEEMS_TO_NEG_VERB,""""""" I'm in the middle of figuring out my own macro system lol  [<-LINK->]. it works so well for expanding macros and giving me info about each expansion. But my brain can't seem to process how to use the info to trace text ranges through the expansion. Recursion is probably fucking with my brain. There's one more layer of expansion I have to map out. I'm so immature  [<-LINK->]. I giggled at that line of code  [<-LINK->] """"""","The sentence """""" But my brain can't seem to process how to use the info to trace text ranges through the expansion """""" uses <pattern>can't seem to VB</pattern> but this is the user's expectation instead of describing the problem, so the answer is NO.",0,1,0,1,0
PS_NEG_ADV_ADJ,""""""" Any idea on how to provider a service to two different lazy loaded modules in the best way? It is funny in some places (stackeroverflow) guys are saying that having services in a shared module is bad practice and others say it is the right way :D """"""","The sentence """""" It is funny in some places (stackeroverflow) guys are saying that having services in a shared module is bad practice and others say it is the right way :D """""" uses <pattern>sth is bad practice</pattern> but it is said by some other guys, not represents the user's point, so the answer is NO.",0,0,0,1,0
PS_VERB_ERROR,""""""" Hi everyone, does anyone know how to get the mat-error and mat-hit animations? I have made a custom the mat-error and mat-hint like elements and would like to animate them exactly as in material. Thank you. """"""","The sentence """"""  does anyone know how to get the mat-error and mat-hit animations? """""" uses <pattern>get the mat-error</pattern> but this pattern is in the ""how-to"" question, it is only the user's expectation instead of describing the problem, so the answer is NO.",0,0,0,0,1
PS_NEG_AUX_VERB,""""""" Hi guys, what is the next step after [<-LINK->] ? deep net for classification, prediction, sentiment analysis, yes but how to ? Only available examples do it by using already separated positive/negative data. Can't we use google Word2Vec file (1.5Go) to do that ? """"""","The sentence """"""  Can't we use google Word2Vec file (1.5Go) to do that ? """""" uses <pattern>can't .. VB</pattern> but this is just a rhetorical question instead of describing the problem, so the answer is NO.",0,0,0,0,1
PS_VERB_NO,""""""" Hi, is there any way to detect no router change? I mean situation when user click the same routerLink he is allready in i would like to implement some monkeyPatch for forcing angular 4 router to reinitialize route """"""","The sentence """"""  is there any way to detect no router change? """""" uses <pattern>detect no router change</pattern> but ""no router change"" is a noun phrase here to indicate the user's expectation instead of describing the problem, so the answer is NO.",0,1,1,0,0
