Pattern,issue,output,12_examples,14_examples
PS_ERROR_NOUN_PHRASE,""""""" Hi, I'm trying to get angular 11 working with webpack 5 so I can play around with module federation for micro-frontends. When I try to convert my main app over, I get an error when localhost tries to load the page from the main.ts file. Any ideas why it can't find this? It's in node modules ``` Uncaught Error: Cannot find module '@angular/platform-browser' at webpackMissingModule (main.js:11) ``` """"""","The sentence """""" Uncaught Error: Cannot find module '@angular/platform-browser' at webpackMissingModule """""" uses <pattern>Uncaught Error: [error message]</pattern> to indicate that there is something wrong ""when localhost tries to load the page from the main.ts file"". The answer is YES.",1,1
PS_PROBLEM,""""""" Im having trouble trying to update some data using and api called ""crud:crud"", I can ""get"" and ""post"" fine but ""put"" is giving me this error. How could I fix that? """"""","The sentence """""" Im having trouble trying to update some data using and api called ""crud:crud"" """""" uses <pattern>having trouble VBG</pattern> to indicate that there is something wrong when ""trying to update some data"". The answer is YES.",1,1
PS_NEG_VERB,""""""" Hey guys, any ideas on why a test executes perfectly on a real android device, but .waitForElementById and .elementById will fail every time when I run the same exact test on SauceLabs (Android Emulator)? I'm using node bindings and the latest versions of everything. ""Error response status: 7, , NoSuchElement - An element could not be located on the page using the given search parameters"" """"""","The sentence """""" but .waitForElementById and .elementById will fail every time when I run the same exact test on SauceLabs (Android Emulator)? """""" uses <pattern>sth will fail every time</pattern> to indicate that there is something wrong with "".waitForElementById and .elementById"". The answer is YES.",1,1
PS_STUCK,""""""" Um... maybe this is a stupid problem but really confuse me. With the progress of regression training, the error becomes bigger and bigger. Did the ""identity"" activation have some special requirements about input? For example, between -1 and 1? thanks first, I will try it hope it can solve the problem The train result is always converge to the mean of  train set output when using ""identity"". It seems the model is just a line. What\'s wrong? I just want to fit a curve. So maybe i stuck into a local minimum value... I am sorry about my words. """"""","The sentence """""" So maybe i stuck into a local minimum value """""" uses <pattern>stuck into sth</pattern> to indicate that the user is having trouble getting ""a local minimum value"". The answer is YES.",0,1
PS_NOTICE,""""""" I am having a strange issue, and I don't know where to start troubleshooting. I have methods that get called to display data on my pages, like looking up a name from an ID. I noticed that the methods are getting called almost constantly, as if the page is constantly being redrawn. Has anyone seen this before? Any ideas on where to start? My project is huge now. I don't know when the problem began. """"""","The sentence """""" I noticed that the methods are getting called almost constantly """""" uses <pattern>I noticed that</pattern> to indicate that there is something wrong with ""the methods"". The answer is YES.",1,1
PS_SEEMS_TO_NEG_VERB,""""""" Hey guys, I'm trying to get a reference to a RouterLinkActive on a link which as a ngIf on it. I have tried @ViewChild (RouterLinkActive) and @ViewChildren (RouterLinkActive) but that does not seem to work. Any ideas? """"""","The sentence """""" I have tried @ViewChild (RouterLinkActive) and @ViewChildren (RouterLinkActive) but that does not seem to work """""" uses <pattern>does not seem to work</pattern>  to indicate that the user is having trouble ""get a reference to a RouterLinkActive"". The answer is YES.",1,1
PS_NEG_ADV_ADJ,""""""" Anyone good with git? I'm getting some weird behavior and I can't quite make sense of it. when I do git rebase -i HEAD~3, it shows the commits in this order:  ``` commit 1 commit 2 commit 3 ```. I would expect it to be: ``` commit 3 commit 2 commit 1 ``` """"""","The sentence """""" I'm getting some weird behavior and I can't quite make sense of it. """""" uses an undesired adjective <pattern>weird</pattern> to indicate that the user is getting something wrong. The answer is YES.",1,1
PS_VERB_ERROR,""""""" Hi, i new here and i'm workin in some app with angular when execute the application show me this error  ""You provided an invalid object where a stream was expected"". You can provide an Observable, Promise, Array, or Iterable. any ideas ? """"""","The sentence """""" i new here and i'm workin in some app with angular when execute the application show me this error """""" uses <pattern>VB PRP this error</pattern> to show the error which the user is currently encountering. The answer is YES.",1,1
PS_NEG_AUX_VERB,""""""" The ethereum wallet isn't finishing downloading.. Does anyone have this problem also? Stuck at Downloading block 892,148 of 4,637,826,Downloading chain structure 3,297,848 of 3,325,840 Any advice? Maybe I do need to put my laptop under the crane? XD Okay the running water was the fix. THANKS! """"""","The sentence """""" The ethereum wallet isn't finishing downloading. """""" uses <pattern>sth isn't finishing VBG</pattern> to indicate that there is something wrong with ""ethereum wallet"". The answer is YES.",1,1
PS_IS_THIS_NEG,""""""" Dealing with Reactive form... It gets created in the component anew every time the user click ""edit"" with something like this: ``` this.form = this.formBuilder.group(...) ``` In that same `edit` method that creates the form, we have  ``` this.form.statusChanges.subscribe(..) ``` Is this a memory leak?  I.e., every time the user clicks ""edit"", a new form is created and a new subscription is made. The old form should be garbage collected, but what will happen to the subscription? """"""","The sentence """""" Is this a memory leak? """""" uses an error noun phrase<pattern>memory leak</pattern> to indicate that there is something wrong with the code. The answer is YES.",0,1
PS_VERB_TO_BE_NEGATIVE,""""""" How can I change a property of a component in a subscribed event and get it recognized in a *ngIf=""property"" in the template? The event is fired and property is changed but there is no change in frontend. """"""","The sentence """""" The event is fired and property is changed but there is no change in frontend. """""" uses <pattern>there is no NN in</pattern> to indicate that there is something wrong ""in frontend"". The answer is YES.",1,1
PS_WITH_NO,""""""" I have been trying to download the block chain for 10 days. computer has been on for then days with no sucess. this is riduclous. i have send ethereum to a account connected to this mist. it still says that i have 0 ether.........im quessing because the chain is not downloaded......... this is a on going issue. it is sad because this is the main platform. i have not experienced any other issues with second party applications. if anybody has any advice for me please shar share """"""","The sentence """""" computer has been on for then days with no sucess. """""" uses <pattern>with no success</pattern> to indicate that there is something wrong with computer. The answer is YES.",1,1
PS_VERB_NO,""""""" Hi, is there any way to detect no router change? I mean situation when user click the same routerLink he is allready in i would like to implement some monkeyPatch for forcing angular 4 router to reinitialize route """"""","The sentence """"""  is there any way to detect no router change? """""" uses <pattern>detect no router change</pattern> but ""no router change"" is a noun phrase here to indicate the user's expectation instead of describing the error or undesired behavior, so the answer is NO.",0,0
PS_NEG_ADV_ADJ,""""""" Any idea on how to provider a service to two different lazy loaded modules in the best way? It is funny in some places (stackeroverflow) guys are saying that having services in a shared module is bad practice and others say it is the right way :D """"""","The sentence """""" It is funny in some places (stackeroverflow) guys are saying that having services in a shared module is bad practice and others say it is the right way :D """""" uses <pattern>sth is bad practice</pattern> but it is said by some other guys, not represents the user's point, so the answer is NO.",0,0
PS_PROBLEM,""""""" Question about Observables: If I have Observable A, and things are subscribed to it, is there a way to take Observable B and merge it into A so that all of As subscriptions are notified of the elements in B? """"""","The sentence """""" Question about Observables: """""" uses <pattern>question about sth</pattern> but after the semi-colon, it is only an example to describe the user's expectation instead of describing the error or undesired behavior, so the answer is NO.",1,0
PS_WITH_NO,""""""" so far, the examples related to sequences deal with texts of natural languages (with known delimiters), whereas there are other kind of sequences like DNA sequences, protein sequences with no delimiters. Can you please recommend me the closest example to my issue, to start from. """"""","The sentence """""" protein sequences with no delimiters """""" uses <pattern>with no NNS</pattern> but it is only used for describing the sequence example instead of describing the error or undesired behavior, so the answer is NO.",0,0
PS_NEG_AUX_VERB,""""""" Hi guys, what is the next step after [<-LINK->] ? deep net for classification, prediction, sentiment analysis, yes but how to ? Only available examples do it by using already separated positive/negative data. Can't we use google Word2Vec file (1.5Go) to do that ? """"""","The sentence """"""  Can't we use google Word2Vec file (1.5Go) to do that ? """""" uses <pattern>can't .. VB</pattern> but this is just a rhetorical question instead of describing the error or undesired behavior, so the answer is NO.",0,1
PS_ONLY,""""""" Does anyone know of a way to determine if a type could also refer to a value?  That is, if the type is of a Class, then do one conditional type branch, and if it is only an Interface or primitive then it will use the other branch. """"""","The sentence """""" and if it is only an Interface or primitive then it will use the other branch """""" uses <pattern>if it is only</pattern> to describe one condition of the example instead of describing the error or undesired behavior, so the answer is NO.",0,0
PS_NEG_AUX_ADV_ADJ,""""""" I'm buying bitcoin from someone via Localbitcoin, my aim is like@Swinks95, I want to leave the ether I get in for a while, maybe a  couple of years/months, not sure yet. I was going to change the bitcoin I buy to ether via shapeshift.io. do you know if that  site is reliable? I have solarpanels on my roof!! Haha maybe I'll wait till some point in the future if  it's not so rewarding """"""","The sentence """""" maybe a  couple of years/months, not sure yet """""" uses <pattern>not sure</pattern> but it has nothing to do with describing the error or undesired behavior, so the answer is NO.",0,0
PS_NO_NOUN,""""""" Anyone could shared some lights on config dp4j run on GPU with sbt? I see the document here: [<-LINK->] It says I should change <nd4j.backend>nd4j-native-platform</nd4j.backend> under the properties in POM.xml. So no configuration is needed? """"""","The sentence """""" So no configuration is needed? """""" uses <pattern>no NN is needed</pattern> but it has nothing to do with describing the error or undesired behavior, so the answer is NO.",0,0
PS_VERB_ERROR,""""""" Hi everyone, does anyone know how to get the mat-error and mat-hit animations? I have made a custom the mat-error and mat-hint like elements and would like to animate them exactly as in material. Thank you. """"""","The sentence """"""  does anyone know how to get the mat-error and mat-hit animations? """""" uses <pattern>get the mat-error</pattern> but this pattern is in the ""how-to"" question, it is only the user's expectation instead of describing the error or undesired behavior, so the answer is NO.",0,0
PS_NEG_VERB,""""""" Are there performance gains to be had by breaking up a medium size component template into many smaller components w/ inputs for their relevant pieces of data? I understand the organizational benefits of having small, laser-focused components, I'm just on the fence about how granular I should be getting. """"""","The sentence """""" Are there performance gains to be had by breaking up a medium size component template into many smaller components w/ inputs for their relevant pieces of data? """""" uses an undesired verb phrase <pattern>breaking up sth</pattern> but ""breaking up a medium size component"" is the intention of the user, not the error or undesired behavior, so the answer is NO.",0,0
,""""""" Is it possible te map users in docker-compose? I have a container that runs aswww-data and I'd like to map this user to my local user so the container can edit files in my workspace """"""",No sentences found to indicate the error or undesired behavior. The answer is NO.,1,0
,""""""" Hello! If I'm looking to test a component that gets a service injected via the constructor, can I just provide a mock for the service itself so that I can focus on the actual component? """"""",No sentences found to indicate the error or undesired behavior. The answer is NO.,0,1
